Notice ID,Title,Solicitation Number,Agency,Department Path,Type,Base Type,Posted Date,Response Deadline,Archive Date,Active,Set Aside,NAICS Code,Classification Code,Contact,Description URL,UI Link,Resource Links
676f389d5af74d138c1e3b9e49b9b6a2,Critical Illness Immunological Reprogramming and Control Point Learning Engine (CIRCLE) Innovative Solutions Opening (ISO),ARPA-H-SOL-26-139,ADVANCED RESEARCH PROJECTS AGENCY FOR HEALTH (ARPA-H),"HEALTH AND HUMAN SERVICES, DEPARTMENT OF.NATIONAL INSTITUTES OF HEALTH.ADVANCED RESEARCH PROJECTS AGENCY FOR HEALTH (ARPA-H)",Solicitation,Solicitation,2026-04-28,2026-05-28T13:00:00-04:00,2026-06-12,Yes,,541715,AN13,CIRCLE@ARPA-H.gov,https://api.sam.gov/opportunities/v2/search?api_key=SAM-17eafb96-a09a-4f20-9702-87e6152f24a1&noticeid=676f389d5af74d138c1e3b9e49b9b6a2,https://sam.gov/workspace/contract/opp/676f389d5af74d138c1e3b9e49b9b6a2/view,https://sam.gov/api/prod/opps/v3/opportunities/resources/files/235fa9a800d748ffb69f4b11e8df9058/download | https://sam.gov/api/prod/opps/v3/opportunities/resources/files/5721b237149740ca8cb1200879197245/download | https://sam.gov/api/prod/opps/v3/opportunities/resources/files/6b93307812184ad784a0f0f5d20aab24/download | https://sam.gov/api/prod/opps/v3/opportunities/resources/files/80bcdde85d9c470facfee0e561cf65a6/download | https://sam.gov/api/prod/opps/v3/opportunities/resources/files/8328b9f60e7242239f11a492463a2e3b/download | https://sam.gov/api/prod/opps/v3/opportunities/resources/files/bae226032a854755a6751f9ad7077021/download | https://sam.gov/api/prod/opps/v3/opportunities/resources/files/db1094d14e004bc9a1821f5b68edf154/download
6999269ee62f4695b39c83f79d6a4ff0,Special Notice for Technology InteGrator and AcceleratoR (TIGAR),ARPA-H-SN-26-142,ADVANCED RESEARCH PROJECTS AGENCY FOR HEALTH (ARPA-H),"HEALTH AND HUMAN SERVICES, DEPARTMENT OF.NATIONAL INSTITUTES OF HEALTH.ADVANCED RESEARCH PROJECTS AGENCY FOR HEALTH (ARPA-H)",Special Notice,Special Notice,2026-04-24,2026-05-12T12:59:00-04:00,2026-05-27,Yes,,541715,AN13,do_not_use_this_email_address@arpa-h.gov,https://api.sam.gov/opportunities/v2/search?api_key=SAM-17eafb96-a09a-4f20-9702-87e6152f24a1&noticeid=6999269ee62f4695b39c83f79d6a4ff0,https://sam.gov/workspace/contract/opp/6999269ee62f4695b39c83f79d6a4ff0/view,https://sam.gov/api/prod/opps/v3/opportunities/resources/files/2f29037106a64d6d994242c9ec50529b/download | https://sam.gov/api/prod/opps/v3/opportunities/resources/files/328b10a43cde48f184b443c8111ae3a1/download
267fe8f6358f495c9454135b19b2083e,Technology InteGrator and AcceleratoR (TIGAR),ARPA-H-SOL-26-144,ADVANCED RESEARCH PROJECTS AGENCY FOR HEALTH (ARPA-H),"HEALTH AND HUMAN SERVICES, DEPARTMENT OF.NATIONAL INSTITUTES OF HEALTH.ADVANCED RESEARCH PROJECTS AGENCY FOR HEALTH (ARPA-H)",Solicitation,Solicitation,2026-04-24,2026-06-08T17:00:00-04:00,2026-06-23,Yes,,541715,AN13,do_not_use_this_email_address@arpa-h.gov,https://api.sam.gov/opportunities/v2/search?api_key=SAM-17eafb96-a09a-4f20-9702-87e6152f24a1&noticeid=267fe8f6358f495c9454135b19b2083e,https://sam.gov/workspace/contract/opp/267fe8f6358f495c9454135b19b2083e/view,https://sam.gov/api/prod/opps/v3/opportunities/resources/files/3f7ac1c899354be19fe424f9cb1d1355/download | https://sam.gov/api/prod/opps/v3/opportunities/resources/files/e28cb1451e22475da761c164985371a6/download | https://sam.gov/api/prod/opps/v3/opportunities/resources/files/f31b88f5e3644cdca0d66496f657ee8b/download
e5df5c54038945e089a70a3597f385cb,Advanced Research Projects Agency for Health (ARPA-H) Small Business Innovation Research (SBIR)/Small Business Technology Transfer (STTR) Program,7599226SN106,ADVANCED RESEARCH PROJECTS AGENCY FOR HEALTH (ARPA-H),"HEALTH AND HUMAN SERVICES, DEPARTMENT OF.NATIONAL INSTITUTES OF HEALTH.ADVANCED RESEARCH PROJECTS AGENCY FOR HEALTH (ARPA-H)",Presolicitation,Presolicitation,2026-04-22,2026-05-07T17:00:00-04:00,2026-05-22,Yes,,541715,AN13,steven.snyder@arpa-h.gov,https://api.sam.gov/opportunities/v2/search?api_key=SAM-17eafb96-a09a-4f20-9702-87e6152f24a1&noticeid=e5df5c54038945e089a70a3597f385cb,https://sam.gov/workspace/contract/opp/e5df5c54038945e089a70a3597f385cb/view,https://sam.gov/api/prod/opps/v3/opportunities/resources/files/83682b6a3c1b4907b9d714dc662ee26a/download | https://sam.gov/api/prod/opps/v3/opportunities/resources/files/8a19d1c8bfee45ebb6ec23b79a782362/download | https://sam.gov/api/prod/opps/v3/opportunities/resources/files/8fccfdcbabd343eaab1fa42b1a398dcd/download | https://sam.gov/api/prod/opps/v3/opportunities/resources/files/a68d235f2e414b9cbb209c08a7b1eaf5/download | https://sam.gov/api/prod/opps/v3/opportunities/resources/files/b09bba2eb74f41e2b328796f7ffe41ae/download | https://sam.gov/api/prod/opps/v3/opportunities/resources/files/c65f3bc0d8974704aa506264e7815190/download | https://sam.gov/api/prod/opps/v3/opportunities/resources/files/cd93815df44c4572b7518992f2580893/download
1bf9e009957d4a9abc9d3c7133581176,Systematic Targeting Of MicroPlastics (STOMP),ARPA-H-SOL-26-152,ADVANCED RESEARCH PROJECTS AGENCY FOR HEALTH (ARPA-H),"HEALTH AND HUMAN SERVICES, DEPARTMENT OF.NATIONAL INSTITUTES OF HEALTH.ADVANCED RESEARCH PROJECTS AGENCY FOR HEALTH (ARPA-H)",Solicitation,Solicitation,2026-04-20,2026-06-22T17:00:00-04:00,2026-07-07,Yes,,541714,AN13,STOMP@arpa-h.gov,https://api.sam.gov/opportunities/v2/search?api_key=SAM-17eafb96-a09a-4f20-9702-87e6152f24a1&noticeid=1bf9e009957d4a9abc9d3c7133581176,https://sam.gov/workspace/contract/opp/1bf9e009957d4a9abc9d3c7133581176/view,https://sam.gov/api/prod/opps/v3/opportunities/resources/files/13a55c2c6598456d90bed3f807c34720/download | https://sam.gov/api/prod/opps/v3/opportunities/resources/files/359e12ef5631419c82b7f123b2fcda65/download | https://sam.gov/api/prod/opps/v3/opportunities/resources/files/803881597d984933a71617e880537e50/download | https://sam.gov/api/prod/opps/v3/opportunities/resources/files/91382c2d9e5c4e9da7b28ad504d9e045/download
04a66f55124f4020891144571ccf2a38,One Comprehensive Universal Radiotherapy for Everyone (1-CURE),ARPA-H-SOL-26-147,ADVANCED RESEARCH PROJECTS AGENCY FOR HEALTH (ARPA-H),"HEALTH AND HUMAN SERVICES, DEPARTMENT OF.NATIONAL INSTITUTES OF HEALTH.ADVANCED RESEARCH PROJECTS AGENCY FOR HEALTH (ARPA-H)",Solicitation,Solicitation,2026-04-16,2026-05-22T23:59:00-04:00,2026-06-06,Yes,,541714,AN13,1-CURE@ARPA-H.GOV,https://api.sam.gov/opportunities/v2/search?api_key=SAM-17eafb96-a09a-4f20-9702-87e6152f24a1&noticeid=04a66f55124f4020891144571ccf2a38,https://sam.gov/workspace/contract/opp/04a66f55124f4020891144571ccf2a38/view,https://sam.gov/api/prod/opps/v3/opportunities/resources/files/0731596bb917409fbe84b92adcf7e253/download | https://sam.gov/api/prod/opps/v3/opportunities/resources/files/0c6fc8975bed4c278c026511e5affd39/download | https://sam.gov/api/prod/opps/v3/opportunities/resources/files/1f8eb231f9eb4b3ab0a1f2185dd9d2ed/download | https://sam.gov/api/prod/opps/v3/opportunities/resources/files/225f45c311144159ac24489f443d0439/download | https://sam.gov/api/prod/opps/v3/opportunities/resources/files/5ccf3465daa14417817746c0d5bf6d9a/download | https://sam.gov/api/prod/opps/v3/opportunities/resources/files/765e23a954104746acf5b0a6163cdf9b/download | https://sam.gov/api/prod/opps/v3/opportunities/resources/files/83de0562cf3a49d69564e96c02c24d26/download | https://sam.gov/api/prod/opps/v3/opportunities/resources/files/a014aeb5c2d846e0862471265074a476/download | https://sam.gov/api/prod/opps/v3/opportunities/resources/files/a07bb7b4847f4509b2118fbdcffa1e1f/download | https://sam.gov/api/prod/opps/v3/opportunities/resources/files/aac3ed7cb7ab48e6b1e718b3f9d693a7/download | https://sam.gov/api/prod/opps/v3/opportunities/resources/files/cb05a9d6ef7145c88b977c2b175107fa/download | https://sam.gov/api/prod/opps/v3/opportunities/resources/files/dccbebcb0ed3440d912bea99450b9377/download
993a9d98cd9444c3bfcfd6856eca90a1,Decentralized Artificial Intelligence through Controlled Emergence (DICE) Proposers Day,DARPA-SN-26-72,DEF ADVANCED RESEARCH PROJECTS AGCY,DEPT OF DEFENSE.DEFENSE ADVANCED RESEARCH PROJECTS AGENCY  (DARPA).DEF ADVANCED RESEARCH PROJECTS AGCY,Special Notice,Special Notice,2026-04-29,2026-05-19T17:00:00-04:00,2026-05-30,Yes,,541715,AC11,DICE@darpa.mil,https://api.sam.gov/opportunities/v2/search?api_key=SAM-17eafb96-a09a-4f20-9702-87e6152f24a1&noticeid=993a9d98cd9444c3bfcfd6856eca90a1,https://sam.gov/workspace/contract/opp/993a9d98cd9444c3bfcfd6856eca90a1/view,https://sam.gov/api/prod/opps/v3/opportunities/resources/files/5164c0e9bf8d4387b49de9112e1e9f6c/download
f69464f686f4437bae960c5484983f17,Smash Program Announcement,DARPA-PA-26-04,DEF ADVANCED RESEARCH PROJECTS AGCY,DEPT OF DEFENSE.DEFENSE ADVANCED RESEARCH PROJECTS AGENCY  (DARPA).DEF ADVANCED RESEARCH PROJECTS AGCY,Solicitation,Solicitation,2026-04-28,2026-04-29T17:00:00,2026-10-25,Yes,,541715,AC12,Smash@darpa.mil,https://api.sam.gov/opportunities/v2/search?api_key=SAM-17eafb96-a09a-4f20-9702-87e6152f24a1&noticeid=f69464f686f4437bae960c5484983f17,https://sam.gov/workspace/contract/opp/f69464f686f4437bae960c5484983f17/view,https://sam.gov/api/prod/opps/v3/opportunities/resources/files/11ca8e4cfcee433aac401959aebc06e2/download | https://sam.gov/api/prod/opps/v3/opportunities/resources/files/43bf5d4974f64e15a6ef1643bf245ed1/download | https://sam.gov/api/prod/opps/v3/opportunities/resources/files/45ec997611fa4c4b99ef3ec3126b8d2b/download | https://sam.gov/api/prod/opps/v3/opportunities/resources/files/462ca70a929b45f98c56a02a2d8d4740/download | https://sam.gov/api/prod/opps/v3/opportunities/resources/files/755aaf0f475344aea4f8758c16c9e914/download | https://sam.gov/api/prod/opps/v3/opportunities/resources/files/a2a6ab9828dd41dc9845f91c07a27776/download | https://sam.gov/api/prod/opps/v3/opportunities/resources/files/aa7acf9000aa44c18fdee885b76987cf/download | https://sam.gov/api/prod/opps/v3/opportunities/resources/files/bb872e03d174492d9f5ddd659e86df2f/download | https://sam.gov/api/prod/opps/v3/opportunities/resources/files/c20ee80afc94435989a9d86c165d5d41/download | https://sam.gov/api/prod/opps/v3/opportunities/resources/files/c23b0bfd53dc49b286ca84c5f8eb149d/download | https://sam.gov/api/prod/opps/v3/opportunities/resources/files/c2dcbf316ed543d997de9f4bb40b4c6f/download | https://sam.gov/api/prod/opps/v3/opportunities/resources/files/d7c1827d000d42ca9afe9797f0338b82/download | https://sam.gov/api/prod/opps/v3/opportunities/resources/files/daa00f523ca3408493dee98cca5eaa64/download | https://sam.gov/api/prod/opps/v3/opportunities/resources/files/e8a7f40ea2964828a725a6e338f6796b/download | https://sam.gov/api/prod/opps/v3/opportunities/resources/files/f1de8365fb4e4f53b7308ba814bcaaa3/download
bc8f348fd4264e5b85d27e62d1773ea2,Request for Information: Materials for Physical Compute in Untethered Robotics,DARPA-SN-26-76,DEF ADVANCED RESEARCH PROJECTS AGCY,DEPT OF DEFENSE.DEFENSE ADVANCED RESEARCH PROJECTS AGENCY  (DARPA).DEF ADVANCED RESEARCH PROJECTS AGCY,Special Notice,Special Notice,2026-04-27,2026-05-27T14:00:00,2026-05-29,Yes,,541715,AC12,DARPA-SN-26-76@darpa.mil,https://api.sam.gov/opportunities/v2/search?api_key=SAM-17eafb96-a09a-4f20-9702-87e6152f24a1&noticeid=bc8f348fd4264e5b85d27e62d1773ea2,https://sam.gov/workspace/contract/opp/bc8f348fd4264e5b85d27e62d1773ea2/view,https://sam.gov/api/prod/opps/v3/opportunities/resources/files/4567210b37f24043bb515a95eaa6bdaa/download
5e8918ca14db440d9ff6a6edccf080ff,Expeditionary Power- and Energy-Dense Implementations (ExPEDitions)  Proposers Day,DARPA-SN-26-70,DEF ADVANCED RESEARCH PROJECTS AGCY,DEPT OF DEFENSE.DEFENSE ADVANCED RESEARCH PROJECTS AGENCY  (DARPA).DEF ADVANCED RESEARCH PROJECTS AGCY,Special Notice,Special Notice,2026-04-27,2026-05-04T17:00:00,2026-05-15,Yes,,541714,AC12,ExPEDitions@darpa.mil,https://api.sam.gov/opportunities/v2/search?api_key=SAM-17eafb96-a09a-4f20-9702-87e6152f24a1&noticeid=5e8918ca14db440d9ff6a6edccf080ff,https://sam.gov/workspace/contract/opp/5e8918ca14db440d9ff6a6edccf080ff/view,https://sam.gov/api/prod/opps/v3/opportunities/resources/files/3a5fed8e5c9646e480a43b12ef1e2184/download
5172ca38dc034edead7d6a9c13514036,GPU Compute Servies for Network of Optimal Dynamic Energy Signatures,HR001126QE003,DEF ADVANCED RESEARCH PROJECTS AGCY,DEPT OF DEFENSE.DEFENSE ADVANCED RESEARCH PROJECTS AGENCY  (DARPA).DEF ADVANCED RESEARCH PROJECTS AGCY,Combined Synopsis/Solicitation,Combined Synopsis/Solicitation,2026-04-27,2026-05-05T17:00:00-04:00,2026-06-05,Yes,,518210,DC10,NODES@darpa.mil,https://api.sam.gov/opportunities/v2/search?api_key=SAM-17eafb96-a09a-4f20-9702-87e6152f24a1&noticeid=5172ca38dc034edead7d6a9c13514036,https://sam.gov/workspace/contract/opp/5172ca38dc034edead7d6a9c13514036/view,https://sam.gov/api/prod/opps/v3/opportunities/resources/files/03f96bf8ad91446abd726fbd73bf7754/download | https://sam.gov/api/prod/opps/v3/opportunities/resources/files/3ab709d1fc144ffdb05d77446686f5e9/download | https://sam.gov/api/prod/opps/v3/opportunities/resources/files/600b38c8fee04c5884285f9b04bebef8/download | https://sam.gov/api/prod/opps/v3/opportunities/resources/files/604e841760cc49b0999cd19867bae242/download | https://sam.gov/api/prod/opps/v3/opportunities/resources/files/611614e5b3804c099ed7419184a5a96a/download | https://sam.gov/api/prod/opps/v3/opportunities/resources/files/7efd28a011d8493ab092dfc8d5cdd198/download | https://sam.gov/api/prod/opps/v3/opportunities/resources/files/d04258c1555945b79d81666d178cb98e/download | https://sam.gov/api/prod/opps/v3/opportunities/resources/files/f5a49c465f664e5fb3427e4199b3d19d/download | https://sam.gov/api/prod/opps/v3/opportunities/resources/files/fd7e1318dd3a4c488fddaed5b5a984c9/download
46802d7b31e5416390d767dd6bd72c14,Advanced Energetics Manufacturing Technical Interchange Meeting,DARPA-SN-26-68,DEF ADVANCED RESEARCH PROJECTS AGCY,DEPT OF DEFENSE.DEFENSE ADVANCED RESEARCH PROJECTS AGENCY  (DARPA).DEF ADVANCED RESEARCH PROJECTS AGCY,Special Notice,Special Notice,2026-04-24,2026-05-08T23:59:00,2026-05-10,Yes,,541715,AC13,DARPA-SN-26-68@darpa.mil,https://api.sam.gov/opportunities/v2/search?api_key=SAM-17eafb96-a09a-4f20-9702-87e6152f24a1&noticeid=46802d7b31e5416390d767dd6bd72c14,https://sam.gov/workspace/contract/opp/46802d7b31e5416390d767dd6bd72c14/view,https://sam.gov/api/prod/opps/v3/opportunities/resources/files/7fd974742e864cf48f793133e87f0042/download
65b69f4e78eb442abb53df9fbb68686d,Deep Thoughts,DARPA-PS-26-05,DEF ADVANCED RESEARCH PROJECTS AGCY,DEPT OF DEFENSE.DEFENSE ADVANCED RESEARCH PROJECTS AGENCY  (DARPA).DEF ADVANCED RESEARCH PROJECTS AGCY,Solicitation,Solicitation,2026-04-23,2026-05-21T16:00:00,2026-11-12,Yes,,541715,AC12,DARPA-PS-26-05@darpa.mil,https://api.sam.gov/opportunities/v2/search?api_key=SAM-17eafb96-a09a-4f20-9702-87e6152f24a1&noticeid=65b69f4e78eb442abb53df9fbb68686d,https://sam.gov/workspace/contract/opp/65b69f4e78eb442abb53df9fbb68686d/view,https://sam.gov/api/prod/opps/v3/opportunities/resources/files/74fcb3c271d749e6bb73e90210574d78/download
fb9b90efedbd4bae9548a98c75d8fd55,Future Program: Decentralized Artificial Intelligence through Controlled Emergence (DICE),DARPA-SN-26-65,DEF ADVANCED RESEARCH PROJECTS AGCY,DEPT OF DEFENSE.DEFENSE ADVANCED RESEARCH PROJECTS AGENCY  (DARPA).DEF ADVANCED RESEARCH PROJECTS AGCY,Special Notice,Special Notice,2026-04-21,2026-05-29T23:59:00,2026-05-30,Yes,,541715,AC11,DICE@darpa.mil,https://api.sam.gov/opportunities/v2/search?api_key=SAM-17eafb96-a09a-4f20-9702-87e6152f24a1&noticeid=fb9b90efedbd4bae9548a98c75d8fd55,https://sam.gov/workspace/contract/opp/fb9b90efedbd4bae9548a98c75d8fd55/view,https://sam.gov/api/prod/opps/v3/opportunities/resources/files/66bc0fee245b4ae68bf91ff8888d694c/download
3e66d960c0a14d51b236bbcf712d34cf,Virtual-Integrated Twin for Autonomous Lifesaving (VITAL),DARPA-PS-26-26,DEF ADVANCED RESEARCH PROJECTS AGCY,DEPT OF DEFENSE.DEFENSE ADVANCED RESEARCH PROJECTS AGENCY  (DARPA).DEF ADVANCED RESEARCH PROJECTS AGCY,Solicitation,Solicitation,2026-04-21,2026-06-25T16:00:00,2026-07-25,Yes,,541714,AC12,VITAL@darpa.mil,https://api.sam.gov/opportunities/v2/search?api_key=SAM-17eafb96-a09a-4f20-9702-87e6152f24a1&noticeid=3e66d960c0a14d51b236bbcf712d34cf,https://sam.gov/workspace/contract/opp/3e66d960c0a14d51b236bbcf712d34cf/view,https://sam.gov/api/prod/opps/v3/opportunities/resources/files/2aa7e5187ffe4f9881e13af945708bff/download | https://sam.gov/api/prod/opps/v3/opportunities/resources/files/8ddf62d0272b415e972d496ff0348492/download | https://sam.gov/api/prod/opps/v3/opportunities/resources/files/940635fbf2a547309a3c932d6f638252/download | https://sam.gov/api/prod/opps/v3/opportunities/resources/files/9bb79e85807e4b0ba7f3707c4048632c/download | https://sam.gov/api/prod/opps/v3/opportunities/resources/files/c382867abcb04677b39351e4c7cc04c4/download
849754affeda4eb289d6906207b7b328,Request for Information:  Graphene Production and Manufacturing,DARPA-SN-26-62,DEF ADVANCED RESEARCH PROJECTS AGCY,DEPT OF DEFENSE.DEFENSE ADVANCED RESEARCH PROJECTS AGENCY  (DARPA).DEF ADVANCED RESEARCH PROJECTS AGCY,Special Notice,Special Notice,2026-04-16,2026-06-01T16:00:00,2026-06-02,Yes,,541715,AC13,DARPA-SN-26-62@darpa.mil,https://api.sam.gov/opportunities/v2/search?api_key=SAM-17eafb96-a09a-4f20-9702-87e6152f24a1&noticeid=849754affeda4eb289d6906207b7b328,https://sam.gov/workspace/contract/opp/849754affeda4eb289d6906207b7b328/view,https://sam.gov/api/prod/opps/v3/opportunities/resources/files/d57b304176a042cb88fef4db98e40641/download
30318b86dbb14e51b409abf77d077159,NGMM Shopping Notice,DARPA-SN-26-69,DEF ADVANCED RESEARCH PROJECTS AGCY,DEPT OF DEFENSE.DEFENSE ADVANCED RESEARCH PROJECTS AGENCY  (DARPA).DEF ADVANCED RESEARCH PROJECTS AGCY,Special Notice,Special Notice,2026-04-16,2026-07-31T23:59:00,2026-08-01,Yes,,541715,AC12,ERIS@darpa.mil,https://api.sam.gov/opportunities/v2/search?api_key=SAM-17eafb96-a09a-4f20-9702-87e6152f24a1&noticeid=30318b86dbb14e51b409abf77d077159,https://sam.gov/workspace/contract/opp/30318b86dbb14e51b409abf77d077159/view,https://sam.gov/api/prod/opps/v3/opportunities/resources/files/552f7eaa7b1f44dabca206675498e2a0/download
caac77d5137c44588121195fee48f74a,Hemorrhage Countermeasure Evaluation Capabilities RFI,DARPA-SN-26-61,DEF ADVANCED RESEARCH PROJECTS AGCY,DEPT OF DEFENSE.DEFENSE ADVANCED RESEARCH PROJECTS AGENCY  (DARPA).DEF ADVANCED RESEARCH PROJECTS AGCY,Special Notice,Special Notice,2026-04-15,2026-05-04T16:00:00,2026-05-05,Yes,,541714,AC12,DARPA-SN-26-61@darpa.mil,https://api.sam.gov/opportunities/v2/search?api_key=SAM-17eafb96-a09a-4f20-9702-87e6152f24a1&noticeid=caac77d5137c44588121195fee48f74a,https://sam.gov/workspace/contract/opp/caac77d5137c44588121195fee48f74a/view,https://sam.gov/api/prod/opps/v3/opportunities/resources/files/aafa6fa1c19f48ce8193a848e97a51b2/download
60a94bf650a84d3fb0bb524862e78401,"Disruption through Intelligent Strategies, Counter Options, and Resilient Defenses (DISCORD) Proposers Day Announcement",DARPA-SN-26-60,DEF ADVANCED RESEARCH PROJECTS AGCY,DEPT OF DEFENSE.DEFENSE ADVANCED RESEARCH PROJECTS AGENCY  (DARPA).DEF ADVANCED RESEARCH PROJECTS AGCY,Special Notice,Special Notice,2026-04-15,2026-04-28T15:00:00,2026-05-09,Yes,,541715,AC13,DARPA-SN-26-60@darpa.mil,https://api.sam.gov/opportunities/v2/search?api_key=SAM-17eafb96-a09a-4f20-9702-87e6152f24a1&noticeid=60a94bf650a84d3fb0bb524862e78401,https://sam.gov/workspace/contract/opp/60a94bf650a84d3fb0bb524862e78401/view,https://sam.gov/api/prod/opps/v3/opportunities/resources/files/40e17b6510b5463ba2792a50734ae64c/download
447a8e817fdc4c10aaeffb5d15c66d68,Automated Discovery for Design and Control of Turbulent Systems (AutoDIDACTS),HR001126S0008,DEF ADVANCED RESEARCH PROJECTS AGCY,DEPT OF DEFENSE.DEFENSE ADVANCED RESEARCH PROJECTS AGENCY  (DARPA).DEF ADVANCED RESEARCH PROJECTS AGCY,Solicitation,Solicitation,2026-04-15,2026-05-20T16:00:00,2026-06-19,Yes,,541715,AC12,AutoDIDACTS@darpa.mil,https://api.sam.gov/opportunities/v2/search?api_key=SAM-17eafb96-a09a-4f20-9702-87e6152f24a1&noticeid=447a8e817fdc4c10aaeffb5d15c66d68,https://sam.gov/workspace/contract/opp/447a8e817fdc4c10aaeffb5d15c66d68/view,https://sam.gov/api/prod/opps/v3/opportunities/resources/files/104c41d994b34aeb8aa143bcecbedf8a/download | https://sam.gov/api/prod/opps/v3/opportunities/resources/files/1a3f1b23339f4ff4b3557c55d4b96be1/download | https://sam.gov/api/prod/opps/v3/opportunities/resources/files/303cce9b638f4ceea63c71418fcf2701/download | https://sam.gov/api/prod/opps/v3/opportunities/resources/files/3ed50adc89bb419683074caf52dc5b6e/download | https://sam.gov/api/prod/opps/v3/opportunities/resources/files/650e3d6afcd14fb592695b57925e0382/download | https://sam.gov/api/prod/opps/v3/opportunities/resources/files/89447dfde7534e0fb6c93106c0130ebe/download | https://sam.gov/api/prod/opps/v3/opportunities/resources/files/89b286c2b6404b21b227b22bc3f95220/download | https://sam.gov/api/prod/opps/v3/opportunities/resources/files/98357afb48f945599cb5aa7f5751632e/download | https://sam.gov/api/prod/opps/v3/opportunities/resources/files/9d8c4bd2429a436a9e351aaa71f81fa0/download | https://sam.gov/api/prod/opps/v3/opportunities/resources/files/ac68c878655746f2ba34a0e82f930cc0/download | https://sam.gov/api/prod/opps/v3/opportunities/resources/files/e2a0c31fdd5a42439a67346b85eca3d1/download | https://sam.gov/api/prod/opps/v3/opportunities/resources/files/f2d99dbcbd5b4402b41994ccbd817270/download
64878caa585841f88945f36e44ea75e3,Technology InteGrator and AcceleratoR (TIGAR),ARPA-H-SOL-26-144,ADVANCED RESEARCH PROJECTS AGENCY FOR HEALTH (ARPA-H),"HEALTH AND HUMAN SERVICES, DEPARTMENT OF.NATIONAL INSTITUTES OF HEALTH.ADVANCED RESEARCH PROJECTS AGENCY FOR HEALTH (ARPA-H)",Solicitation,Solicitation,2026-05-14,2026-06-08T17:00:00-04:00,2026-06-23,Yes,,541715,AN13,do_not_use_this_email_address@arpa-h.gov,https://api.sam.gov/opportunities/v2/search?api_key=SAM-17eafb96-a09a-4f20-9702-87e6152f24a1&noticeid=64878caa585841f88945f36e44ea75e3,https://sam.gov/workspace/contract/opp/64878caa585841f88945f36e44ea75e3/view,https://sam.gov/api/prod/opps/v3/opportunities/resources/files/3f7ac1c899354be19fe424f9cb1d1355/download | https://sam.gov/api/prod/opps/v3/opportunities/resources/files/7c04db1718504331a815b3d1ae48303d/download | https://sam.gov/api/prod/opps/v3/opportunities/resources/files/d54006a0e35d4fce839be0d416f7b528/download | https://sam.gov/api/prod/opps/v3/opportunities/resources/files/e28cb1451e22475da761c164985371a6/download | https://sam.gov/api/prod/opps/v3/opportunities/resources/files/f31b88f5e3644cdca0d66496f657ee8b/download
386dd9dd3af249ee802bdba70106d610,BioStabilization Systems (BoSS),ARPA-H-SOL-26-136,ADVANCED RESEARCH PROJECTS AGENCY FOR HEALTH (ARPA-H),"HEALTH AND HUMAN SERVICES, DEPARTMENT OF.NATIONAL INSTITUTES OF HEALTH.ADVANCED RESEARCH PROJECTS AGENCY FOR HEALTH (ARPA-H)",Solicitation,Solicitation,2026-05-14,2026-05-21T17:00:00-04:00,2026-06-05,Yes,,541715,AN13,do_NOT_use_THIS_email_ADDRESS@arpa-h.gov,https://api.sam.gov/opportunities/v2/search?api_key=SAM-17eafb96-a09a-4f20-9702-87e6152f24a1&noticeid=386dd9dd3af249ee802bdba70106d610,https://sam.gov/workspace/contract/opp/386dd9dd3af249ee802bdba70106d610/view,https://sam.gov/api/prod/opps/v3/opportunities/resources/files/02653a8fc7cd43fe9780cc510ce8f448/download | https://sam.gov/api/prod/opps/v3/opportunities/resources/files/11a18ea737df47ddab7fd96ad112cc18/download | https://sam.gov/api/prod/opps/v3/opportunities/resources/files/5bb467e4a2d04b35b8a8676ab7944046/download | https://sam.gov/api/prod/opps/v3/opportunities/resources/files/dae54fcdcd6d40a19b6a725ffc75fb41/download
e6b40defee104f668b388e85583e8126,Hearing Enhancement through ARtificially Intelligent NeurotechnoloGy (HEARING),ARPA-H-SOL-26-154,ADVANCED RESEARCH PROJECTS AGENCY FOR HEALTH (ARPA-H),"HEALTH AND HUMAN SERVICES, DEPARTMENT OF.NATIONAL INSTITUTES OF HEALTH.ADVANCED RESEARCH PROJECTS AGENCY FOR HEALTH (ARPA-H)",Solicitation,Solicitation,2026-05-08,2026-08-14T14:00:00-04:00,2026-08-29,Yes,,541715,AN13,HEARING@ARPA-H.GOV,https://api.sam.gov/opportunities/v2/search?api_key=SAM-17eafb96-a09a-4f20-9702-87e6152f24a1&noticeid=e6b40defee104f668b388e85583e8126,https://sam.gov/workspace/contract/opp/e6b40defee104f668b388e85583e8126/view,https://sam.gov/api/prod/opps/v3/opportunities/resources/files/14ceae0ca44d401e81a650bc64e74ddc/download | https://sam.gov/api/prod/opps/v3/opportunities/resources/files/628b966d9d4b4bfb99cdf154cb037a5f/download | https://sam.gov/api/prod/opps/v3/opportunities/resources/files/6c976560c18849cea35d5a82e86f1c9a/download | https://sam.gov/api/prod/opps/v3/opportunities/resources/files/a8a696c967ed4467af3962390cfceaff/download
16b2cd89ff8c4b219b889cf1ce4bfa6c,Hearing Enhancement through ARtificially Intelligent NeurotechnoloGy (HEARING) - Proposers' Day,ARPA-H-SN-26-154,ADVANCED RESEARCH PROJECTS AGENCY FOR HEALTH (ARPA-H),"HEALTH AND HUMAN SERVICES, DEPARTMENT OF.NATIONAL INSTITUTES OF HEALTH.ADVANCED RESEARCH PROJECTS AGENCY FOR HEALTH (ARPA-H)",Special Notice,Special Notice,2026-05-08,2026-08-14T14:00:00-04:00,2026-08-29,Yes,,541715,AN13,HEARING@ARPA-H.GOV,https://api.sam.gov/opportunities/v2/search?api_key=SAM-17eafb96-a09a-4f20-9702-87e6152f24a1&noticeid=16b2cd89ff8c4b219b889cf1ce4bfa6c,https://sam.gov/workspace/contract/opp/16b2cd89ff8c4b219b889cf1ce4bfa6c/view,https://sam.gov/api/prod/opps/v3/opportunities/resources/files/ba7ff2ef9b9b4fe38eaddd170ee8391e/download | https://sam.gov/api/prod/opps/v3/opportunities/resources/files/fb0e8eb00c8d415d99c9b16555a94da4/download
b10d9c0c5414419facfa28f3f7798d0c,Systematic Targeting Of MicroPlastics (STOMP),ARPA-H-SOL-26-152,ADVANCED RESEARCH PROJECTS AGENCY FOR HEALTH (ARPA-H),"HEALTH AND HUMAN SERVICES, DEPARTMENT OF.NATIONAL INSTITUTES OF HEALTH.ADVANCED RESEARCH PROJECTS AGENCY FOR HEALTH (ARPA-H)",Solicitation,Solicitation,2026-05-06,2026-06-22T17:00:00-04:00,2026-07-07,Yes,,541714,AN13,STOMP@arpa-h.gov,https://api.sam.gov/opportunities/v2/search?api_key=SAM-17eafb96-a09a-4f20-9702-87e6152f24a1&noticeid=b10d9c0c5414419facfa28f3f7798d0c,https://sam.gov/workspace/contract/opp/b10d9c0c5414419facfa28f3f7798d0c/view,https://sam.gov/api/prod/opps/v3/opportunities/resources/files/13a55c2c6598456d90bed3f807c34720/download | https://sam.gov/api/prod/opps/v3/opportunities/resources/files/359e12ef5631419c82b7f123b2fcda65/download | https://sam.gov/api/prod/opps/v3/opportunities/resources/files/7d3940a13ae14e018602da1d01335895/download | https://sam.gov/api/prod/opps/v3/opportunities/resources/files/803881597d984933a71617e880537e50/download | https://sam.gov/api/prod/opps/v3/opportunities/resources/files/91382c2d9e5c4e9da7b28ad504d9e045/download
287ec68ee1624e76ae8b8026196c3f89,Intelligent Generator of Research (IGoR),ARPA-H-SOL-26-155,ADVANCED RESEARCH PROJECTS AGENCY FOR HEALTH (ARPA-H),"HEALTH AND HUMAN SERVICES, DEPARTMENT OF.NATIONAL INSTITUTES OF HEALTH.ADVANCED RESEARCH PROJECTS AGENCY FOR HEALTH (ARPA-H)",Solicitation,Solicitation,2026-05-05,2026-08-06T12:00:00-04:00,2026-08-21,Yes,,541715,AN13,IGoR@arpa-h.gov,https://api.sam.gov/opportunities/v2/search?api_key=SAM-17eafb96-a09a-4f20-9702-87e6152f24a1&noticeid=287ec68ee1624e76ae8b8026196c3f89,https://sam.gov/workspace/contract/opp/287ec68ee1624e76ae8b8026196c3f89/view,https://sam.gov/api/prod/opps/v3/opportunities/resources/files/2f307a1107864018a28ff265763c7cdc/download | https://sam.gov/api/prod/opps/v3/opportunities/resources/files/36e55a6ce13848f9be681756f008d195/download | https://sam.gov/api/prod/opps/v3/opportunities/resources/files/4a8b34ad474841a391bbede9cbd90494/download | https://sam.gov/api/prod/opps/v3/opportunities/resources/files/75e685792ec447a1b5aa45a5fb049116/download | https://sam.gov/api/prod/opps/v3/opportunities/resources/files/79a0739a446e419cac56105493db177c/download | https://sam.gov/api/prod/opps/v3/opportunities/resources/files/bf28327e88a8439aa2e53c798cf04fe5/download | https://sam.gov/api/prod/opps/v3/opportunities/resources/files/c1777ca23b2f4b47a4ffc992b7b5dfeb/download | https://sam.gov/api/prod/opps/v3/opportunities/resources/files/e6eb515ab79440e998745612d55e6027/download | https://sam.gov/api/prod/opps/v3/opportunities/resources/files/f298f4dbbfea4586aeb152cef5b0ab95/download
359c81244add413d86463d02643e5707,One Comprehensive Universal Radiotherapy for Everyone (1-CURE),ARPA-H-SOL-26-147,ADVANCED RESEARCH PROJECTS AGENCY FOR HEALTH (ARPA-H),"HEALTH AND HUMAN SERVICES, DEPARTMENT OF.NATIONAL INSTITUTES OF HEALTH.ADVANCED RESEARCH PROJECTS AGENCY FOR HEALTH (ARPA-H)",Solicitation,Solicitation,2026-05-04,2026-05-22T23:59:00-04:00,2026-06-06,Yes,,541714,AN13,1-CURE@ARPA-H.GOV,https://api.sam.gov/opportunities/v2/search?api_key=SAM-17eafb96-a09a-4f20-9702-87e6152f24a1&noticeid=359c81244add413d86463d02643e5707,https://sam.gov/workspace/contract/opp/359c81244add413d86463d02643e5707/view,https://sam.gov/api/prod/opps/v3/opportunities/resources/files/0731596bb917409fbe84b92adcf7e253/download | https://sam.gov/api/prod/opps/v3/opportunities/resources/files/0c6fc8975bed4c278c026511e5affd39/download | https://sam.gov/api/prod/opps/v3/opportunities/resources/files/1f8eb231f9eb4b3ab0a1f2185dd9d2ed/download | https://sam.gov/api/prod/opps/v3/opportunities/resources/files/225f45c311144159ac24489f443d0439/download | https://sam.gov/api/prod/opps/v3/opportunities/resources/files/27652d02e3bd481c9b678f6d7a84077a/download | https://sam.gov/api/prod/opps/v3/opportunities/resources/files/4881c4a284714f8a88eb875f9d22ebfb/download | https://sam.gov/api/prod/opps/v3/opportunities/resources/files/5ccf3465daa14417817746c0d5bf6d9a/download | https://sam.gov/api/prod/opps/v3/opportunities/resources/files/a014aeb5c2d846e0862471265074a476/download | https://sam.gov/api/prod/opps/v3/opportunities/resources/files/a07bb7b4847f4509b2118fbdcffa1e1f/download | https://sam.gov/api/prod/opps/v3/opportunities/resources/files/a3afadc3a41c4352b679800449321738/download | https://sam.gov/api/prod/opps/v3/opportunities/resources/files/aac3ed7cb7ab48e6b1e718b3f9d693a7/download | https://sam.gov/api/prod/opps/v3/opportunities/resources/files/ce59bc4d0e9c4495bde6b9cead3353c6/download | https://sam.gov/api/prod/opps/v3/opportunities/resources/files/dccbebcb0ed3440d912bea99450b9377/download
5a9475bf904545a2b3efdd52efa876a5,Notice of Intent to Brand Name Sole Source - for Total Patent Legal Research,,ADVANCED RSRCH PROJ AGENCY ARPA-E,"ENERGY, DEPARTMENT OF.ENERGY, DEPARTMENT OF.ADVANCED RSRCH PROJ AGENCY ARPA-E",Special Notice,Special Notice,2026-05-04,2026-05-12T10:00:00-04:00,2026-05-27,Yes,,541199,,sara.feki@hq.doe.gov,https://api.sam.gov/opportunities/v2/search?api_key=SAM-17eafb96-a09a-4f20-9702-87e6152f24a1&noticeid=5a9475bf904545a2b3efdd52efa876a5,https://sam.gov/workspace/contract/opp/5a9475bf904545a2b3efdd52efa876a5/view,https://sam.gov/api/prod/opps/v3/opportunities/resources/files/91ba02d86a244c42af4a72a14e339eed/download
a25da190a864466b98cc0e073d492f76,Area-Multiplied Photonic-crystal Enhanced Devices (AMPED),DARPA-PS-26-119,DEF ADVANCED RESEARCH PROJECTS AGCY,DEPT OF DEFENSE.DEFENSE ADVANCED RESEARCH PROJECTS AGENCY  (DARPA).DEF ADVANCED RESEARCH PROJECTS AGCY,Solicitation,Solicitation,2026-05-18,2026-07-09T13:00:00,2026-08-09,Yes,,541715,AC12,AMPED@darpa.mil,https://api.sam.gov/opportunities/v2/search?api_key=SAM-17eafb96-a09a-4f20-9702-87e6152f24a1&noticeid=a25da190a864466b98cc0e073d492f76,https://sam.gov/workspace/contract/opp/a25da190a864466b98cc0e073d492f76/view,https://sam.gov/api/prod/opps/v3/opportunities/resources/files/1857ad3e71594c4abdd5dc67498d1371/download | https://sam.gov/api/prod/opps/v3/opportunities/resources/files/3135ca71ee1f460c8cbf3e89ab83ce38/download | https://sam.gov/api/prod/opps/v3/opportunities/resources/files/3e41920e02824db286241a1b8f4e4e1c/download | https://sam.gov/api/prod/opps/v3/opportunities/resources/files/43cffbbd71e744b08c606e3cd5500550/download | https://sam.gov/api/prod/opps/v3/opportunities/resources/files/48b8b3c4061144f6b76b2beef9c8edad/download | https://sam.gov/api/prod/opps/v3/opportunities/resources/files/82a1096a0e754f79824045829b6bd102/download | https://sam.gov/api/prod/opps/v3/opportunities/resources/files/89e1458c253040d18bec385d40590d48/download | https://sam.gov/api/prod/opps/v3/opportunities/resources/files/9e3aab449ad3407583f7746eaded5664/download | https://sam.gov/api/prod/opps/v3/opportunities/resources/files/a4cb7928118348f78f9acc5f911d13bb/download | https://sam.gov/api/prod/opps/v3/opportunities/resources/files/d1b9e020f71d4ec3a6fbea299fe3ccf0/download | https://sam.gov/api/prod/opps/v3/opportunities/resources/files/d2ddd7706c5f4b02b12e52dc3df5a2a4/download | https://sam.gov/api/prod/opps/v3/opportunities/resources/files/dc6fe1edef0b435b908ae770fa9b2fa4/download | https://sam.gov/api/prod/opps/v3/opportunities/resources/files/f814f66dcc97462ea78111eb08883a46/download | https://sam.gov/api/prod/opps/v3/opportunities/resources/files/fb6d38347659469d939bf8b3e81b0e0f/download | https://sam.gov/api/prod/opps/v3/opportunities/resources/files/fd2646906aac4853a36ce970a044505e/download
e69e8e0fd537432f81d23cf4d38faee5,Request for Information: Biomolecule Purification,DARPA-SN-26-66,DEF ADVANCED RESEARCH PROJECTS AGCY,DEPT OF DEFENSE.DEFENSE ADVANCED RESEARCH PROJECTS AGENCY  (DARPA).DEF ADVANCED RESEARCH PROJECTS AGCY,Special Notice,Special Notice,2026-05-15,2026-06-08T17:00:00,2026-06-10,Yes,,541715,AC12,DARPA-SN-26-66@darpa.mil,https://api.sam.gov/opportunities/v2/search?api_key=SAM-17eafb96-a09a-4f20-9702-87e6152f24a1&noticeid=e69e8e0fd537432f81d23cf4d38faee5,https://sam.gov/workspace/contract/opp/e69e8e0fd537432f81d23cf4d38faee5/view,https://sam.gov/api/prod/opps/v3/opportunities/resources/files/9c57d4df4d6045528214721536c38ae2/download
a885c66a80224e63b4693c3da9a36236,Realistic Mass Casualty Medical Simulation Capabilities RFI,DARPA-SN-26-79,DEF ADVANCED RESEARCH PROJECTS AGCY,DEPT OF DEFENSE.DEFENSE ADVANCED RESEARCH PROJECTS AGENCY  (DARPA).DEF ADVANCED RESEARCH PROJECTS AGCY,Special Notice,Special Notice,2026-05-15,2026-05-31T16:00:00,2026-06-01,Yes,,541714,AC12,MASCAL_RFI@darpa.mil,https://api.sam.gov/opportunities/v2/search?api_key=SAM-17eafb96-a09a-4f20-9702-87e6152f24a1&noticeid=a885c66a80224e63b4693c3da9a36236,https://sam.gov/workspace/contract/opp/a885c66a80224e63b4693c3da9a36236/view,https://sam.gov/api/prod/opps/v3/opportunities/resources/files/42979cfa77b14d69907678cec516d8ec/download
56ef952854bf48ae94be00f4ddb03d85,"Disruption through Intelligent Strategies, Counter Options, and Resilient Defenses (DISCORD)",DARPA-PS-26-27,DEF ADVANCED RESEARCH PROJECTS AGCY,DEPT OF DEFENSE.DEFENSE ADVANCED RESEARCH PROJECTS AGENCY  (DARPA).DEF ADVANCED RESEARCH PROJECTS AGCY,Solicitation,Solicitation,2026-05-15,2026-07-09T15:00:00,2026-08-30,Yes,,541715,AC13,DISCORD@darpa.mil,https://api.sam.gov/opportunities/v2/search?api_key=SAM-17eafb96-a09a-4f20-9702-87e6152f24a1&noticeid=56ef952854bf48ae94be00f4ddb03d85,https://sam.gov/workspace/contract/opp/56ef952854bf48ae94be00f4ddb03d85/view,https://sam.gov/api/prod/opps/v3/opportunities/resources/files/002cd76cca764775b90f7e9b1b3bebfe/download | https://sam.gov/api/prod/opps/v3/opportunities/resources/files/4f29bbb4dd854f698bb416cda82db66b/download
44e8fe9580d54d8aa8a53b8cd6d97ba7,Bordeaux Program Solicitation,DARPA-PS-26-20,DEF ADVANCED RESEARCH PROJECTS AGCY,DEPT OF DEFENSE.DEFENSE ADVANCED RESEARCH PROJECTS AGENCY  (DARPA).DEF ADVANCED RESEARCH PROJECTS AGCY,Solicitation,Solicitation,2026-05-12,2026-05-22T13:00:00-04:00,2026-06-22,Yes,,541715,AC13,Bordeaux@darpa.mil,https://api.sam.gov/opportunities/v2/search?api_key=SAM-17eafb96-a09a-4f20-9702-87e6152f24a1&noticeid=44e8fe9580d54d8aa8a53b8cd6d97ba7,https://sam.gov/workspace/contract/opp/44e8fe9580d54d8aa8a53b8cd6d97ba7/view,https://sam.gov/api/prod/opps/v3/opportunities/resources/files/0508478f2ff944108beb5ab7105d7fd0/download | https://sam.gov/api/prod/opps/v3/opportunities/resources/files/09109dbb03e34343a578c3c6938e0c7d/download | https://sam.gov/api/prod/opps/v3/opportunities/resources/files/1958ca5eb6224e76bd9e80f45ca28279/download | https://sam.gov/api/prod/opps/v3/opportunities/resources/files/8404b76591e1483ab99591b0bdeb3bf4/download | https://sam.gov/api/prod/opps/v3/opportunities/resources/files/9ea74f2af6344707a32cc06e951a7672/download | https://sam.gov/api/prod/opps/v3/opportunities/resources/files/bd26de4ff937443c9fafc5ee36286ed1/download | https://sam.gov/api/prod/opps/v3/opportunities/resources/files/c8493d146dfa45459cf3701d7af9d5c3/download | https://sam.gov/api/prod/opps/v3/opportunities/resources/files/cff6217ef518443fa67715fa931b022d/download
6b9fec2c508c4fb29d32e51bf23f7109,HR001126CE068 Code-to-model Analysis Ready for Verification Engines (CARVE),HR001125S0002-HR001126CE068,DEF ADVANCED RESEARCH PROJECTS AGCY,DEPT OF DEFENSE.DEFENSE ADVANCED RESEARCH PROJECTS AGENCY  (DARPA).DEF ADVANCED RESEARCH PROJECTS AGCY,Award Notice,Award Notice,2026-05-11,,2026-05-23,Yes,,541715,AC11,ali.etedali@darpa.mil,https://api.sam.gov/opportunities/v2/search?api_key=SAM-17eafb96-a09a-4f20-9702-87e6152f24a1&noticeid=6b9fec2c508c4fb29d32e51bf23f7109,https://sam.gov/workspace/contract/opp/6b9fec2c508c4fb29d32e51bf23f7109/view,
217663ffd18e418cbf9e5c7e5cab74e3,RFI-DARPA-SN-26-33,DARPA-SN-26-33,DEF ADVANCED RESEARCH PROJECTS AGCY,DEPT OF DEFENSE.DEFENSE ADVANCED RESEARCH PROJECTS AGENCY  (DARPA).DEF ADVANCED RESEARCH PROJECTS AGCY,Special Notice,Special Notice,2026-05-08,2026-05-15T16:00:00-04:00,2026-09-02,Yes,,541715,AC12,DARPA-SN-26-33@darpa.mil,https://api.sam.gov/opportunities/v2/search?api_key=SAM-17eafb96-a09a-4f20-9702-87e6152f24a1&noticeid=217663ffd18e418cbf9e5c7e5cab74e3,https://sam.gov/workspace/contract/opp/217663ffd18e418cbf9e5c7e5cab74e3/view,https://sam.gov/api/prod/opps/v3/opportunities/resources/files/66ae66b3fc184964bc88a0acb0895d50/download | https://sam.gov/api/prod/opps/v3/opportunities/resources/files/975fae14e14345bbb233ebf6cbbee2d2/download | https://sam.gov/api/prod/opps/v3/opportunities/resources/files/9bd2a878e41f42d59a22227b6077fa48/download | https://sam.gov/api/prod/opps/v3/opportunities/resources/files/b25358ded72a40d78f500c5b5abfbc6f/download
a31b2125d1484369b4444c94ebbdcc8f,ROUNDTOP RFI,DARPA-SN-26-43,DEF ADVANCED RESEARCH PROJECTS AGCY,DEPT OF DEFENSE.DEFENSE ADVANCED RESEARCH PROJECTS AGENCY  (DARPA).DEF ADVANCED RESEARCH PROJECTS AGCY,Special Notice,Special Notice,2026-05-06,2026-06-01T16:00:00,2026-06-02,Yes,,541714,AC11,Roundtop@darpa.mil,https://api.sam.gov/opportunities/v2/search?api_key=SAM-17eafb96-a09a-4f20-9702-87e6152f24a1&noticeid=a31b2125d1484369b4444c94ebbdcc8f,https://sam.gov/workspace/contract/opp/a31b2125d1484369b4444c94ebbdcc8f/view,https://sam.gov/api/prod/opps/v3/opportunities/resources/files/35ad6ba97bad40068d4b4dd560fb097f/download
554a1250e7e44f8f8f9797eb40b5031b,Research Opportunity: DNA-Protein Epigenetic Chemistry Engineering (D-PECHE),DARPA-SN-26-67,DEF ADVANCED RESEARCH PROJECTS AGCY,DEPT OF DEFENSE.DEFENSE ADVANCED RESEARCH PROJECTS AGENCY  (DARPA).DEF ADVANCED RESEARCH PROJECTS AGCY,Special Notice,Special Notice,2026-05-06,2026-06-24T16:00:00,2026-06-25,Yes,,541714,AC11,D-PECHE@darpa.mil,https://api.sam.gov/opportunities/v2/search?api_key=SAM-17eafb96-a09a-4f20-9702-87e6152f24a1&noticeid=554a1250e7e44f8f8f9797eb40b5031b,https://sam.gov/workspace/contract/opp/554a1250e7e44f8f8f9797eb40b5031b/view,https://sam.gov/api/prod/opps/v3/opportunities/resources/files/66b35524e0bf4b96b380fdf9fb8e2e66/download
0e79df81cc324259b3bc8e1b7d69da4a,GPU Compute Servies for Network of Optimal Dynamic Energy Signatures,HR001126QE003,DEF ADVANCED RESEARCH PROJECTS AGCY,DEPT OF DEFENSE.DEFENSE ADVANCED RESEARCH PROJECTS AGENCY  (DARPA).DEF ADVANCED RESEARCH PROJECTS AGCY,Combined Synopsis/Solicitation,Combined Synopsis/Solicitation,2026-05-05,2026-05-08T17:00:00-04:00,2026-06-05,Yes,,518210,DC10,NODES@darpa.mil,https://api.sam.gov/opportunities/v2/search?api_key=SAM-17eafb96-a09a-4f20-9702-87e6152f24a1&noticeid=0e79df81cc324259b3bc8e1b7d69da4a,https://sam.gov/workspace/contract/opp/0e79df81cc324259b3bc8e1b7d69da4a/view,https://sam.gov/api/prod/opps/v3/opportunities/resources/files/03f96bf8ad91446abd726fbd73bf7754/download | https://sam.gov/api/prod/opps/v3/opportunities/resources/files/166b0504b7b7449d87c9213043917228/download | https://sam.gov/api/prod/opps/v3/opportunities/resources/files/2335f95ed526486d83fbe8b14fd7952f/download | https://sam.gov/api/prod/opps/v3/opportunities/resources/files/312e9ac5c8b94940bbe3dbb74ee1bbec/download | https://sam.gov/api/prod/opps/v3/opportunities/resources/files/3ab709d1fc144ffdb05d77446686f5e9/download | https://sam.gov/api/prod/opps/v3/opportunities/resources/files/600b38c8fee04c5884285f9b04bebef8/download | https://sam.gov/api/prod/opps/v3/opportunities/resources/files/604e841760cc49b0999cd19867bae242/download | https://sam.gov/api/prod/opps/v3/opportunities/resources/files/611614e5b3804c099ed7419184a5a96a/download | https://sam.gov/api/prod/opps/v3/opportunities/resources/files/7efd28a011d8493ab092dfc8d5cdd198/download | https://sam.gov/api/prod/opps/v3/opportunities/resources/files/9be902bae24b4f73905a5ad55261068f/download | https://sam.gov/api/prod/opps/v3/opportunities/resources/files/d04258c1555945b79d81666d178cb98e/download | https://sam.gov/api/prod/opps/v3/opportunities/resources/files/e95b61122182478a979e4b2956b6d952/download | https://sam.gov/api/prod/opps/v3/opportunities/resources/files/f5a49c465f664e5fb3427e4199b3d19d/download | https://sam.gov/api/prod/opps/v3/opportunities/resources/files/fd7e1318dd3a4c488fddaed5b5a984c9/download
514ed4aac20d4ddf8ac99f3402586fff,RFI: Levels of Resilience through Formal Methods,DARPA-SN-26-71,DEF ADVANCED RESEARCH PROJECTS AGCY,DEPT OF DEFENSE.DEFENSE ADVANCED RESEARCH PROJECTS AGENCY  (DARPA).DEF ADVANCED RESEARCH PROJECTS AGCY,Special Notice,Special Notice,2026-05-04,2026-06-12T17:00:00,2026-06-13,Yes,,541715,AC12,ResilientSoftwareSystems@darpa.mil,https://api.sam.gov/opportunities/v2/search?api_key=SAM-17eafb96-a09a-4f20-9702-87e6152f24a1&noticeid=514ed4aac20d4ddf8ac99f3402586fff,https://sam.gov/workspace/contract/opp/514ed4aac20d4ddf8ac99f3402586fff/view,https://sam.gov/api/prod/opps/v3/opportunities/resources/files/168afb5dc64948ba92e2726683fb4e81/download
0ca7f504f6b8486e9805cd385ed0a0ff,Novel and Enhanced Modalities for Optic Nerve Imaging,ARPA-H-SS-26-157,ADVANCED RESEARCH PROJECTS AGENCY FOR HEALTH (ARPA-H),"HEALTH AND HUMAN SERVICES, DEPARTMENT OF.NATIONAL INSTITUTES OF HEALTH.ADVANCED RESEARCH PROJECTS AGENCY FOR HEALTH (ARPA-H)",Sources Sought,Sources Sought,2026-05-18,2026-06-10T17:00:00-04:00,2026-06-25,Yes,,541715,AN13,THEA@arpa-h.gov,https://api.sam.gov/opportunities/v2/search?api_key=SAM-17eafb96-a09a-4f20-9702-87e6152f24a1&noticeid=0ca7f504f6b8486e9805cd385ed0a0ff,https://sam.gov/workspace/contract/opp/0ca7f504f6b8486e9805cd385ed0a0ff/view,https://sam.gov/api/prod/opps/v3/opportunities/resources/files/acf98b19d19d46a18cb960c9b0cadfb8/download
34e52bf760494403a78cf944f9a34aba,Bordeaux Program Solicitation,DARPA-PS-26-20,DEF ADVANCED RESEARCH PROJECTS AGCY,DEPT OF DEFENSE.DEFENSE ADVANCED RESEARCH PROJECTS AGENCY  (DARPA).DEF ADVANCED RESEARCH PROJECTS AGCY,Solicitation,Solicitation,2026-05-19,2026-06-12T13:00:00,2026-07-10,Yes,,541715,AC13,Bordeaux@darpa.mil,https://api.sam.gov/opportunities/v2/search?api_key=SAM-17eafb96-a09a-4f20-9702-87e6152f24a1&noticeid=34e52bf760494403a78cf944f9a34aba,https://sam.gov/workspace/contract/opp/34e52bf760494403a78cf944f9a34aba/view,https://sam.gov/api/prod/opps/v3/opportunities/resources/files/0508478f2ff944108beb5ab7105d7fd0/download | https://sam.gov/api/prod/opps/v3/opportunities/resources/files/09109dbb03e34343a578c3c6938e0c7d/download | https://sam.gov/api/prod/opps/v3/opportunities/resources/files/1958ca5eb6224e76bd9e80f45ca28279/download | https://sam.gov/api/prod/opps/v3/opportunities/resources/files/8404b76591e1483ab99591b0bdeb3bf4/download | https://sam.gov/api/prod/opps/v3/opportunities/resources/files/9ea74f2af6344707a32cc06e951a7672/download | https://sam.gov/api/prod/opps/v3/opportunities/resources/files/bd26de4ff937443c9fafc5ee36286ed1/download | https://sam.gov/api/prod/opps/v3/opportunities/resources/files/c8493d146dfa45459cf3701d7af9d5c3/download | https://sam.gov/api/prod/opps/v3/opportunities/resources/files/cff6217ef518443fa67715fa931b022d/download | https://sam.gov/api/prod/opps/v3/opportunities/resources/files/d7e2f60a5513425ca9852e693423b2ea/download
553632b7e7fd49a7884a1c32f8a611c5,Research Opportunity: DNA-Protein Epigenetic Chemistry Engineering (D-PECHE),DARPA-SN-26-67,DEF ADVANCED RESEARCH PROJECTS AGCY,DEPT OF DEFENSE.DEFENSE ADVANCED RESEARCH PROJECTS AGENCY  (DARPA).DEF ADVANCED RESEARCH PROJECTS AGCY,Special Notice,Special Notice,2026-05-18,2026-06-24T16:00:00,2026-06-25,Yes,,541714,AC11,D-PECHE@darpa.mil,https://api.sam.gov/opportunities/v2/search?api_key=SAM-17eafb96-a09a-4f20-9702-87e6152f24a1&noticeid=553632b7e7fd49a7884a1c32f8a611c5,https://sam.gov/workspace/contract/opp/553632b7e7fd49a7884a1c32f8a611c5/view,https://sam.gov/api/prod/opps/v3/opportunities/resources/files/66b35524e0bf4b96b380fdf9fb8e2e66/download | https://sam.gov/api/prod/opps/v3/opportunities/resources/files/b0e60482d6614cb9a38ad87fe2dfa033/download
a6c4df59850746ef8ca0ec1070b3c218,Intelligent Generator of Research (IGoR),ARPA-H-SN-26-155,ADVANCED RESEARCH PROJECTS AGENCY FOR HEALTH (ARPA-H),"HEALTH AND HUMAN SERVICES, DEPARTMENT OF.NATIONAL INSTITUTES OF HEALTH.ADVANCED RESEARCH PROJECTS AGENCY FOR HEALTH (ARPA-H)",Special Notice,Solicitation,2026-05-20,2026-06-07T12:00:00-04:00,2026-06-08,Yes,,541715,AN13,IGoR@arpa-h.gov,https://api.sam.gov/opportunities/v2/search?api_key=SAM-17eafb96-a09a-4f20-9702-87e6152f24a1&noticeid=a6c4df59850746ef8ca0ec1070b3c218,https://sam.gov/workspace/contract/opp/a6c4df59850746ef8ca0ec1070b3c218/view,https://sam.gov/api/prod/opps/v3/opportunities/resources/files/ad06956005294847913ee9f2d378d44d/download
b8e73bf9adcb4c62a0da544d64795ef9,Request for Information: Biomolecule Purification,DARPA-SN-26-66,DEF ADVANCED RESEARCH PROJECTS AGCY,DEPT OF DEFENSE.DEFENSE ADVANCED RESEARCH PROJECTS AGENCY  (DARPA).DEF ADVANCED RESEARCH PROJECTS AGCY,Special Notice,Special Notice,2026-05-21,2026-06-08T17:00:00,2026-06-10,Yes,,541715,AC12,DARPA-SN-26-66@darpa.mil,https://api.sam.gov/opportunities/v2/search?api_key=SAM-17eafb96-a09a-4f20-9702-87e6152f24a1&noticeid=b8e73bf9adcb4c62a0da544d64795ef9,https://sam.gov/workspace/contract/opp/b8e73bf9adcb4c62a0da544d64795ef9/view,https://sam.gov/api/prod/opps/v3/opportunities/resources/files/9c57d4df4d6045528214721536c38ae2/download | https://sam.gov/api/prod/opps/v3/opportunities/resources/files/db5a26b4861b42e8b09a5b5fa9994144/download
f5c6440e97ad45b09e2619b1b5519ac8,Area-Multiplied Photonic-crystal Enhanced Devices (AMPED),DARPA-PS-26-119,DEF ADVANCED RESEARCH PROJECTS AGCY,DEPT OF DEFENSE.DEFENSE ADVANCED RESEARCH PROJECTS AGENCY  (DARPA).DEF ADVANCED RESEARCH PROJECTS AGCY,Solicitation,Solicitation,2026-05-20,2026-07-09T13:00:00,2026-08-09,Yes,,541715,AC12,AMPED@darpa.mil,https://api.sam.gov/opportunities/v2/search?api_key=SAM-17eafb96-a09a-4f20-9702-87e6152f24a1&noticeid=f5c6440e97ad45b09e2619b1b5519ac8,https://sam.gov/workspace/contract/opp/f5c6440e97ad45b09e2619b1b5519ac8/view,https://sam.gov/api/prod/opps/v3/opportunities/resources/files/1857ad3e71594c4abdd5dc67498d1371/download | https://sam.gov/api/prod/opps/v3/opportunities/resources/files/3135ca71ee1f460c8cbf3e89ab83ce38/download | https://sam.gov/api/prod/opps/v3/opportunities/resources/files/3e41920e02824db286241a1b8f4e4e1c/download | https://sam.gov/api/prod/opps/v3/opportunities/resources/files/43cffbbd71e744b08c606e3cd5500550/download | https://sam.gov/api/prod/opps/v3/opportunities/resources/files/48b8b3c4061144f6b76b2beef9c8edad/download | https://sam.gov/api/prod/opps/v3/opportunities/resources/files/82a1096a0e754f79824045829b6bd102/download | https://sam.gov/api/prod/opps/v3/opportunities/resources/files/89e1458c253040d18bec385d40590d48/download | https://sam.gov/api/prod/opps/v3/opportunities/resources/files/9e3aab449ad3407583f7746eaded5664/download | https://sam.gov/api/prod/opps/v3/opportunities/resources/files/a4cb7928118348f78f9acc5f911d13bb/download | https://sam.gov/api/prod/opps/v3/opportunities/resources/files/b46330de40ba4325b38ace1108e1a94d/download | https://sam.gov/api/prod/opps/v3/opportunities/resources/files/d1b9e020f71d4ec3a6fbea299fe3ccf0/download | https://sam.gov/api/prod/opps/v3/opportunities/resources/files/d2ddd7706c5f4b02b12e52dc3df5a2a4/download | https://sam.gov/api/prod/opps/v3/opportunities/resources/files/dc6fe1edef0b435b908ae770fa9b2fa4/download | https://sam.gov/api/prod/opps/v3/opportunities/resources/files/f814f66dcc97462ea78111eb08883a46/download | https://sam.gov/api/prod/opps/v3/opportunities/resources/files/fb6d38347659469d939bf8b3e81b0e0f/download | https://sam.gov/api/prod/opps/v3/opportunities/resources/files/fd2646906aac4853a36ce970a044505e/download
0b19250e15434deab4eeaa826a166613,MXO Office-wide Innovative Solutions Opening,DARPA-PS-26-115,DEF ADVANCED RESEARCH PROJECTS AGCY,DEPT OF DEFENSE.DEFENSE ADVANCED RESEARCH PROJECTS AGENCY  (DARPA).DEF ADVANCED RESEARCH PROJECTS AGCY,Solicitation,Solicitation,2026-05-20,2027-06-04T16:00:00,2027-07-04,Yes,,541715,AC12,DARPA-PS-26-115@darpa.mil,https://api.sam.gov/opportunities/v2/search?api_key=SAM-17eafb96-a09a-4f20-9702-87e6152f24a1&noticeid=0b19250e15434deab4eeaa826a166613,https://sam.gov/workspace/contract/opp/0b19250e15434deab4eeaa826a166613/view,https://sam.gov/api/prod/opps/v3/opportunities/resources/files/250894b2027743f7a4d52554ad044a9a/download | https://sam.gov/api/prod/opps/v3/opportunities/resources/files/ac28955f3743495b9c30699b88cc208e/download | https://sam.gov/api/prod/opps/v3/opportunities/resources/files/b28f6f3532be47448742b9b30d642ae1/download
2509b69212a149c7af8c8fc7695090de,Critical Illness Immunological Reprogramming and Control Point Learning Engine (CIRCLE) Innovative Solutions Opening (ISO),ARPA-H-SOL-26-139,ADVANCED RESEARCH PROJECTS AGENCY FOR HEALTH (ARPA-H),"HEALTH AND HUMAN SERVICES, DEPARTMENT OF.NATIONAL INSTITUTES OF HEALTH.ADVANCED RESEARCH PROJECTS AGENCY FOR HEALTH (ARPA-H)",Solicitation,Solicitation,2026-05-21,2026-05-28T13:00:00-04:00,2026-06-12,Yes,,541715,AN13,CIRCLE@ARPA-H.gov,https://api.sam.gov/opportunities/v2/search?api_key=SAM-17eafb96-a09a-4f20-9702-87e6152f24a1&noticeid=2509b69212a149c7af8c8fc7695090de,https://sam.gov/workspace/contract/opp/2509b69212a149c7af8c8fc7695090de/view,https://sam.gov/api/prod/opps/v3/opportunities/resources/files/235fa9a800d748ffb69f4b11e8df9058/download | https://sam.gov/api/prod/opps/v3/opportunities/resources/files/5721b237149740ca8cb1200879197245/download | https://sam.gov/api/prod/opps/v3/opportunities/resources/files/80bcdde85d9c470facfee0e561cf65a6/download | https://sam.gov/api/prod/opps/v3/opportunities/resources/files/81476d3a4d9b4c0db5402d12c5a4d344/download | https://sam.gov/api/prod/opps/v3/opportunities/resources/files/bae226032a854755a6751f9ad7077021/download | https://sam.gov/api/prod/opps/v3/opportunities/resources/files/cd8e3c74fbeb4a7895cc78d0a8c54d0c/download | https://sam.gov/api/prod/opps/v3/opportunities/resources/files/db1094d14e004bc9a1821f5b68edf154/download
f62cafb994c643c8baff028714e3393c,Information Innovation Office (I2O) Office-Wide,HR001126S0001,DEF ADVANCED RESEARCH PROJECTS AGCY,DEPT OF DEFENSE.DEFENSE ADVANCED RESEARCH PROJECTS AGENCY  (DARPA).DEF ADVANCED RESEARCH PROJECTS AGCY,Solicitation,Solicitation,2026-05-21,2026-11-30T17:00:00,2026-12-30,Yes,,541715,AC11,HR001126S0001@darpa.mil,https://api.sam.gov/opportunities/v2/search?api_key=SAM-17eafb96-a09a-4f20-9702-87e6152f24a1&noticeid=f62cafb994c643c8baff028714e3393c,https://sam.gov/workspace/contract/opp/f62cafb994c643c8baff028714e3393c/view,https://sam.gov/api/prod/opps/v3/opportunities/resources/files/8c40da2d0eac432689009219bdb2cbba/download | https://sam.gov/api/prod/opps/v3/opportunities/resources/files/dce8badc91e04719a9eedb3e8a52c077/download
40dfb986948c449dab826306f7586a3a,ERIS Shopping Notice: New Growth Controls for Achieving Single-Crystal Complex Inorganic Materials,DARPA-SN-26-83,DEF ADVANCED RESEARCH PROJECTS AGCY,DEPT OF DEFENSE.DEFENSE ADVANCED RESEARCH PROJECTS AGENCY  (DARPA).DEF ADVANCED RESEARCH PROJECTS AGCY,Special Notice,Special Notice,2026-05-21,2026-06-30T23:59:00,2026-07-02,Yes,,541715,AC12,ERIS@darpa.mil,https://api.sam.gov/opportunities/v2/search?api_key=SAM-17eafb96-a09a-4f20-9702-87e6152f24a1&noticeid=40dfb986948c449dab826306f7586a3a,https://sam.gov/workspace/contract/opp/40dfb986948c449dab826306f7586a3a/view,https://sam.gov/api/prod/opps/v3/opportunities/resources/files/f647fc6eaabf4be9ba40d5a9d0970a32/download
f4721e35ef2b47149be60e6c611561f4,Critical Illness Immunological Reprogramming and Control Point Learning Engine (CIRCLE) Innovative Solutions Opening (ISO),ARPA-H-SOL-26-139,ADVANCED RESEARCH PROJECTS AGENCY FOR HEALTH (ARPA-H),"HEALTH AND HUMAN SERVICES, DEPARTMENT OF.NATIONAL INSTITUTES OF HEALTH.ADVANCED RESEARCH PROJECTS AGENCY FOR HEALTH (ARPA-H)",Solicitation,Solicitation,2026-05-26,2026-05-28T13:00:00-04:00,2026-06-12,Yes,,541715,AN13,CIRCLE@ARPA-H.gov,https://api.sam.gov/opportunities/v2/search?api_key=SAM-17eafb96-a09a-4f20-9702-87e6152f24a1&noticeid=f4721e35ef2b47149be60e6c611561f4,https://sam.gov/workspace/contract/opp/f4721e35ef2b47149be60e6c611561f4/view,https://sam.gov/api/prod/opps/v3/opportunities/resources/files/235fa9a800d748ffb69f4b11e8df9058/download | https://sam.gov/api/prod/opps/v3/opportunities/resources/files/5721b237149740ca8cb1200879197245/download | https://sam.gov/api/prod/opps/v3/opportunities/resources/files/80bcdde85d9c470facfee0e561cf65a6/download | https://sam.gov/api/prod/opps/v3/opportunities/resources/files/81476d3a4d9b4c0db5402d12c5a4d344/download | https://sam.gov/api/prod/opps/v3/opportunities/resources/files/bae226032a854755a6751f9ad7077021/download | https://sam.gov/api/prod/opps/v3/opportunities/resources/files/cd8e3c74fbeb4a7895cc78d0a8c54d0c/download | https://sam.gov/api/prod/opps/v3/opportunities/resources/files/db1094d14e004bc9a1821f5b68edf154/download
248766efd32d4e92981c06d00a889122,Intelligent Generator of Research (IGoR),ARPA-H-SOL-26-155,ADVANCED RESEARCH PROJECTS AGENCY FOR HEALTH (ARPA-H),"HEALTH AND HUMAN SERVICES, DEPARTMENT OF.NATIONAL INSTITUTES OF HEALTH.ADVANCED RESEARCH PROJECTS AGENCY FOR HEALTH (ARPA-H)",Solicitation,Solicitation,2026-05-26,2026-08-06T12:00:00-04:00,2026-08-21,Yes,,541715,AN13,IGoR@arpa-h.gov,https://api.sam.gov/opportunities/v2/search?api_key=SAM-17eafb96-a09a-4f20-9702-87e6152f24a1&noticeid=248766efd32d4e92981c06d00a889122,https://sam.gov/workspace/contract/opp/248766efd32d4e92981c06d00a889122/view,https://sam.gov/api/prod/opps/v3/opportunities/resources/files/2f307a1107864018a28ff265763c7cdc/download | https://sam.gov/api/prod/opps/v3/opportunities/resources/files/36e55a6ce13848f9be681756f008d195/download | https://sam.gov/api/prod/opps/v3/opportunities/resources/files/4a8b34ad474841a391bbede9cbd90494/download | https://sam.gov/api/prod/opps/v3/opportunities/resources/files/75e685792ec447a1b5aa45a5fb049116/download | https://sam.gov/api/prod/opps/v3/opportunities/resources/files/79a0739a446e419cac56105493db177c/download | https://sam.gov/api/prod/opps/v3/opportunities/resources/files/a20fe1c4f5c545749ad8e79bd5509d26/download | https://sam.gov/api/prod/opps/v3/opportunities/resources/files/af8ec000ecd5433085aeb21c07baeb1e/download | https://sam.gov/api/prod/opps/v3/opportunities/resources/files/bf28327e88a8439aa2e53c798cf04fe5/download | https://sam.gov/api/prod/opps/v3/opportunities/resources/files/e6eb515ab79440e998745612d55e6027/download | https://sam.gov/api/prod/opps/v3/opportunities/resources/files/f298f4dbbfea4586aeb152cef5b0ab95/download
2044d38f946b45d38ea65804a82a071b,RFI for Advanced Penetration Physics and Shock Propagation Control,DARPA-SN-26-78,DEF ADVANCED RESEARCH PROJECTS AGCY,DEPT OF DEFENSE.DEFENSE ADVANCED RESEARCH PROJECTS AGENCY  (DARPA).DEF ADVANCED RESEARCH PROJECTS AGCY,Special Notice,Special Notice,2026-05-27,2026-06-26T12:00:00,2026-06-27,Yes,,541715,AC12,DARPA-SN-26-78@darpa.mil,https://api.sam.gov/opportunities/v2/search?api_key=SAM-17eafb96-a09a-4f20-9702-87e6152f24a1&noticeid=2044d38f946b45d38ea65804a82a071b,https://sam.gov/workspace/contract/opp/2044d38f946b45d38ea65804a82a071b/view,https://sam.gov/api/prod/opps/v3/opportunities/resources/files/78a57a1c5c8b4f3893cc9a547bbcb333/download
0cc7aef506074243baab86c4f451dfe2,Resuscitation and Prevention of Ischemia-Induced Dysfunction (RAPIID) - TA1/TA2,DARPA-PS-26-124,DEF ADVANCED RESEARCH PROJECTS AGCY,DEPT OF DEFENSE.DEFENSE ADVANCED RESEARCH PROJECTS AGENCY  (DARPA).DEF ADVANCED RESEARCH PROJECTS AGCY,Solicitation,Solicitation,2026-05-27,2026-06-24T16:00:00,2026-07-24,Yes,,541714,AC12,RAPIID@darpa.mil,https://api.sam.gov/opportunities/v2/search?api_key=SAM-17eafb96-a09a-4f20-9702-87e6152f24a1&noticeid=0cc7aef506074243baab86c4f451dfe2,https://sam.gov/workspace/contract/opp/0cc7aef506074243baab86c4f451dfe2/view,https://sam.gov/api/prod/opps/v3/opportunities/resources/files/025fa4d5ffe04587abd372263145e33f/download | https://sam.gov/api/prod/opps/v3/opportunities/resources/files/2c3f1f2f58334a6da916e3729824f935/download | https://sam.gov/api/prod/opps/v3/opportunities/resources/files/64c1cef652b0497da9565bd415b9c15b/download | https://sam.gov/api/prod/opps/v3/opportunities/resources/files/82579cadd6644c46b4ec6e7008457530/download | https://sam.gov/api/prod/opps/v3/opportunities/resources/files/a2f87ab523a44ab5bbda11278a7690b1/download | https://sam.gov/api/prod/opps/v3/opportunities/resources/files/ca123489cf5c41b38d555c0de5dd7313/download | https://sam.gov/api/prod/opps/v3/opportunities/resources/files/d09af8add3534f729bc84ee275d6e64c/download | https://sam.gov/api/prod/opps/v3/opportunities/resources/files/ef034e80653f4ed3ab1efda95ca4c377/download
